{
	"pages": [ //pages数组中第一项表示应用启动页，参考：https://uniapp.dcloud.io/collocation/pages
	{
		"path": "pages/tabbar/index/index",
		"style": {
			"navigationBarTitleText": "首页"
		}
	},
	{
	    "path" : "pages/placeorder/placeorder",
	    "style" : {
			"navigationBarTitleText": "提交订单"
		}
	},
	{
		"path" : "pages/pay/choosecommander",
		"style" : {
			"navigationBarTitleText": "选择团长"
		}
	},
	{
		"path":"pages/authorize/authorize",
		"style":{
			"navigationBarTitleText":"授权"
		}
	},

	{
	    "path" : "pages/tabbar/cart/cart",
	    "style" : {
			"navigationBarTitleText": "购物袋"
		},
		"app-plus":{
			"statusbar":{
			"background":"#ffffff"
			}
		}
	},
	{
	    "path" : "pages/tabbar/my/address/address",
	    "style" : {
			"navigationBarTitleText": " 地址 "
		}
	},
	{
	    "path" : "pages/tabbar/my/address/Edit_address",
	    "style" : {
			"navigationBarTitleText": " 编辑地址 "
		}
	},
	{
	    "path" : "pages/tabbar/my/address/new_address",
	    "style" : {
			"navigationBarTitleText": " 新增地址 "
		}
	},
	{
	    "path" : "pages/search/search",
	    "style" : {
			"navigationBarTitleText": " 搜索 "
		}
	},
	{
	    "path" : "pages/Land/Land",
	    "style" : {
			"navigationBarTitleText": "登陆 "
		}
	},
	{
		"path":"pages/tabbar/my/Equity/equity",
		"style":{
			"navigationBarTitleText": "会员权益"
		}
	},
	{
		"path": "pages/tabbar/index/share",
		"style": {
			"navigationBarTitleText": "分享"
		}
	},

	{
	    "path" : "pages/tabbar/my/my",
	    "style" : {
			"navigationBarTitleText": "我的"
		}
	},
	{
	    "path" : "pages/tabbar/index/toplist",
	    "style" : {
			"navigationBarTitleText": "订单列表"
			 
		}
	},
	{
	    "path" : "pages/tabbar/my/integral/integral",
	    "style" : {
			"navigationBarTitleText": "积分 "
		}
	},
	{
	    "path" : "pages/tabbar/my/Life/Life",
	    "style" : {
			"navigationBarTitleText": "生活服务"
		}
	},
	{
	    "path" : "pages/tabbar/my/balance/balance",
	    "style" : {
			"navigationBarTitleText": "余额 "
		}
	},
	{
	
		    "path" : "pages/classification/classification",
		    "style" : {
				"navigationBarTitleText": "分类 ",
				 "enablePullDownRefresh": true
		}
	},
	{
	    "path" : "pages/tabbar/my/Recommended/recommended",
	    "style" : {
			"navigationBarTitleText": "推荐有奖"
		}
	},
	{
	    "path" : "pages/tabbar/my/Coupon/Discountdetails/Discountdetails",
	    "style" : {
			"navigationBarTitleText": "优惠卷详情"
		}
	},
	{
	    "path" : "pages/pay/pay",
	    "style" : {
			"navigationBarTitleText": "支付"
		}
	},
	{
	    "path" : "pages/Commodity_details/commodity_details",
	    "style" : {
			"navigationBarTitleText": "商品详情 "
		}
	},
	{
		"path": "pages/tabbar/index/tesr",
		"style": {
			"navigationBarTitleText": "首页"
		}
	},

	{
	    "path" : "pages/get-location/get-location",
	    "style" : {
			"navigationBarTitleText": "获取位置"
		}
	},
	{
	    "path" : "pages/Commodity_details/shares",
	    "style" : {
			"navigationBarTitleText": "商品分享 "
		}
	},
  {
            "path" : "pages/tabbar/my/Coupon/Coupon",
            "style" : {
				"navigationBarTitleText": "优惠劵 "
			}
        }
    ],
	"tabBar": {
			"color":"#8a8a8a",
			"selectedColor":"lightblue",
			"borderStyle":"black",
			"backgroundColor":"#ffffff",
			"list": [
				{
					"pagePath":"pages/tabbar/index/index",
					"text":"首页",
					"iconPath":"static/tabimg/index.png",
					"selectedIconPath":"static/tabimg/index_active.png"
				},
				{
					"pagePath":"pages/tabbar/cart/cart",
					"text":"购物袋",
					"iconPath":"static/tabimg/cart.png",
					"selectedIconPath":"static/tabimg/cart_active.png"
				},
				{
					"pagePath":"pages/tabbar/my/my",
					"text":"我的",
					"iconPath":"static/tabimg/my.png",
					"selectedIconPath":"static/tabimg/my_active.png"
				}
			]	
		 },
	"globalStyle": {
		"navigationBarTextStyle": "black",
		"navigationBarTitleText": "uni-app",
		"navigationBarBackgroundColor": "#F4F4F4",
		"backgroundColor": "#F4F4F4"
	}
}
